INSERT INTO Cliente (nome, email, data_nascimento, telefone)
VALUES
  ('Carlos Oliveira', 'carlos.oliveira@gmail.com', '1982-07-18', '11987651234'),
  ('Fernanda Lima', 'fernanda.lima@gmail.com', '1995-12-05', '21981234567'),
  ('Paulo Almeida', 'paulo.almeida@gmail.com', '1978-01-20', '11999887766'),
  ('Juliana Ribeiro', 'juliana.ribeiro@gmail.com', '1992-08-30', '21998765432'),
  ('Ricardo Ferreira', 'ricardo.ferreira@gmail.com', '1988-05-14', '11991234567'),
  ('Carla Martins', 'carla.martins@gmail.com', '1999-03-03', '21987654321'),
  ('Rafael Souza', 'rafael.souza@gmail.com', '1991-06-22', '11992345678'),
  ('Amanda Rocha', 'amanda.rocha@gmail.com', '1987-11-11', '21987659876'),
  ('Lucas Gomes', 'lucas.gomes@gmail.com', '1996-09-09', '11988776655'),
  ('Patrícia Barbosa', 'patricia.barbosa@gmail.com', '1983-02-28', '21981239876'),
  ('Marcos Pinto', 'marcos.pinto@gmail.com', '1990-04-16', '11991239876'),
  ('Camila Dias', 'camila.dias@gmail.com', '1997-12-21', '21987651245'),
  ('Bruno Castro', 'bruno.castro@gmail.com', '1985-07-07', '11999881234'),
  ('Renata Moraes', 'renata.moraes@gmail.com', '1993-01-30', '21998761234'),
  ('Diego Carvalho', 'diego.carvalho@gmail.com', '1989-10-05', '11991234589'),
  ('Aline Teixeira', 'aline.teixeira@gmail.com', '1994-06-12', '21987651236'),
  ('Felipe Azevedo', 'felipe.azevedo@gmail.com', '1986-03-25', '11999876543'),
  ('Juliana Nunes', 'juliana.nunes@gmail.com', '1998-09-18', '21981234568'),
  ('Vinicius Santos', 'vinicius.santos@gmail.com', '1992-12-01', '11998765432'),
  ('Sabrina Lopes', 'sabrina.lopes@gmail.com', '1991-05-09', '21987659877'),
  ('Gustavo Fernandes', 'gustavo.fernandes@gmail.com', '1984-11-23', '11992345679'),
  ('Larissa Moreira', 'larissa.moreira@gmail.com', '1990-08-02', '21981239877'),
  ('Thiago Costa', 'thiago.costa@gmail.com', '1987-01-15', '11999881235'),
  ('Beatriz Santos', 'beatriz.santos@gmail.com', '1995-03-19', '21998761235'),
  ('Mateus Ribeiro', 'mateus.ribeiro@gmail.com', '1993-07-07', '11991234590'),
  ('Priscila Rocha', 'priscila.rocha@gmail.com', '1988-12-28', '21987651237'),
  ('Eduardo Lima', 'eduardo.lima@gmail.com', '1996-09-14', '11999876544'),
  ('Tatiana Oliveira', 'tatiana.oliveira@gmail.com', '1990-04-11', '21981234569'),
  ('André Martins', 'andre.martins@gmail.com', '1985-06-20', '11998765433'),
  ('Simone Castro', 'simone.castro@gmail.com', '1992-11-17', '21987659878'),
  ('Leandro Fernandes', 'leandro.fernandes@gmail.com', '1989-08-29', '11992345680'),
  ('Camila Santos', 'camila.santos@gmail.com', '1997-05-05', '21981239878'),
  ('Rodrigo Pinto', 'rodrigo.pinto@gmail.com', '1994-02-02', '11999881236'),
  ('Vanessa Teixeira', 'vanessa.teixeira@gmail.com', '1986-12-12', '21998761236'),
  ('Igor Almeida', 'igor.almeida@gmail.com', '1991-09-09', '11991234591'),
  ('Mariana Gomes', 'mariana.gomes@gmail.com', '1983-03-23', '21987651238'),
  ('Daniela Costa', 'daniela.costa@gmail.com', '1995-07-14', '11999876545'),
  ('Ricardo Azevedo', 'ricardo.azevedo@gmail.com', '1988-01-10', '21981234570'),
  ('Natália Moraes', 'natalia.moraes@gmail.com', '1996-11-11', '11998765434'),
  ('Felipe Souza', 'felipe.souza@gmail.com', '1990-06-06', '21987659879'),
  ('Gabriela Barbosa', 'gabriela.barbosa@gmail.com', '1993-08-08', '11992345681'),
  ('Rafael Dias', 'rafael.dias@gmail.com', '1987-10-10', '21981239879');

INSERT INTO Mesa (numero, capacidade, status)
VALUES
  (4, 4, 'disponivel'),
  (5, 6, 'ocupada'),
  (6, 2, 'reservada'),
  (7, 4, 'disponivel'),
  (8, 6, 'ocupada'),
  (9, 2, 'reservada'),
  (10, 4, 'disponivel'),
  (11, 6, 'ocupada'),
  (12, 2, 'reservada'),
  (13, 4, 'disponivel'),
  (14, 6, 'ocupada'),
  (15, 2, 'reservada'),
  (16, 4, 'disponivel'),
  (17, 6, 'ocupada'),
  (18, 2, 'reservada'),
  (19, 4, 'disponivel'),
  (20, 6, 'ocupada'),
  (21, 2, 'reservada'),
  (22, 4, 'disponivel'),
  (23, 6, 'ocupada'),
  (24, 2, 'reservada'),
  (25, 4, 'disponivel'),
  (26, 6, 'ocupada'),
  (27, 2, 'reservada'),
  (28, 4, 'disponivel'),
  (29, 6, 'ocupada'),
  (30, 2, 'reservada'),
  (31, 4, 'disponivel'),
  (32, 6, 'ocupada'),
  (33, 2, 'reservada'),
  (34, 4, 'disponivel'),
  (35, 6, 'ocupada'),
  (36, 2, 'reservada'),
  (37, 4, 'disponivel'),
  (38, 6, 'ocupada'),
  (39, 2, 'reservada'),
  (40, 4, 'disponivel'),
  (41, 6, 'ocupada'),
  (42, 2, 'reservada'),
  (43, 4, 'disponivel'),
  (44, 6, 'ocupada');
  
INSERT INTO Produto (nome, tipo, preco, estoque)
VALUES
  ('Cerveja Pilsen 600ml', 'Bebida', 12.00, 50),
  ('Caipirinha de Limão', 'Bebida', 18.00, 30),
  ('Batata Frita', 'Comida', 25.00, 20),
  ('Cerveja IPA 500ml', 'Bebida', 15.50, 45),
  ('Refrigerante Lata', 'Bebida', 6.00, 80),
  ('Água Mineral', 'Bebida', 5.00, 100),
  ('Porção de Calabresa Acebolada', 'Comida', 35.00, 15),
  ('Suco Natural de Laranja', 'Bebida', 10.00, 25),
  ('Whisky Dose', 'Bebida', 20.00, 60),
  ('Martini', 'Bebida', 22.00, 20),
  ('Mandioca Frita', 'Comida', 28.00, 18),
  ('Cerveja Malzbier 350ml', 'Bebida', 10.00, 40),
  ('Gin Tônica', 'Bebida', 25.00, 35),
  ('Porção de Frango à Passarinho', 'Comida', 40.00, 12),
  ('Água de Coco', 'Bebida', 8.00, 50),
  ('Chopp Claro', 'Bebida', 9.50, 90),
  ('Tábua de Frios', 'Comida', 55.00, 10),
  ('Cuba Libre', 'Bebida', 20.00, 25),
  ('Cerveja Escura 600ml', 'Bebida', 13.00, 30),
  ('Mojito', 'Bebida', 24.00, 28),
  ('Pastel de Carne', 'Comida', 15.00, 50),
  ('Refrigerante Zero Lata', 'Bebida', 6.00, 70),
  ('Salada de Frutas', 'Comida', 18.00, 15),
  ('Tequila Shot', 'Bebida', 16.00, 50),
  ('Feijoada (Sexta-feira)', 'Comida', 60.00, 5),
  ('Porção de Camarão Frito', 'Comida', 75.00, 8),
  ('Caipirinha de Morango', 'Bebida', 20.00, 30),
  ('Cerveja Sem Álcool', 'Bebida', 11.00, 20),
  ('Milkshake de Chocolate', 'Bebida', 25.00, 15),
  ('Caldo de Feijão', 'Comida', 18.00, 25),
  ('Gin com Especiarias', 'Bebida', 30.00, 18),
  ('Porção de Bolinho de Queijo', 'Comida', 32.00, 22),
  ('Espumante Garrafa', 'Bebida', 80.00, 5),
  ('Vinho Tinto Taça', 'Bebida', 25.00, 10),
  ('Filé com Fritas', 'Comida', 65.00, 10),
  ('Chocolate Quente', 'Bebida', 12.00, 20),
  ('Torta Holandesa', 'Comida', 16.00, 15),
  ('Porção de Iscas de Peixe', 'Comida', 48.00, 13),
  ('Espresso', 'Bebida', 6.00, 40),
  ('Pudim de Leite Condensado', 'Comida', 14.00, 10);
  
INSERT INTO Banda_Artista (nome, estilo, integrantes, tipo)
VALUES
  ('Legião Urbana Cover', 'Rock', 4, 'Banda'),
  ('João Bosco', 'MPB', 1, 'Artista Solo'),
  ('Samba da Lapa', 'Samba', 6, 'Banda'),
  ('Blues Brothers Brasil', 'Blues', 5, 'Banda'),
  ('Marina Lima', 'Pop Rock', 1, 'Artista Solo'),
  ('Os Mutantes Cover', 'Rock Psicodélico', 3, 'Banda'),
  ('Djavan Acústico', 'MPB', 1, 'Artista Solo'),
  ('Raul Seixas Tributo', 'Rock', 4, 'Banda'),
  ('Tom Jobim Experience', 'Jazz', 5, 'Banda'),
  ('Rock n Roll All Stars', 'Rock Clássico', 6, 'Banda'),
  ('Charlie Brown Jr Cover', 'Rock', 4, 'Banda'),
  ('Maria Rita', 'Samba', 1, 'Artista Solo'),
  ('Skank Tributo', 'Pop Rock', 4, 'Banda'),
  ('Toni Garrido', 'Reggae', 1, 'Artista Solo'),
  ('Mamonas Assassinas Cover', 'Rock Cômico', 5, 'Banda'),
  ('Tim Maia Cover', 'Soul', 7, 'Banda'),
  ('Alceu Valença', 'Forró', 1, 'Artista Solo'),
  ('System of a Down Cover', 'Rock Pesado', 4, 'Banda'),
  ('Dj Khaled', 'Hip Hop', 1, 'Artista Solo'),
  ('Cazuza Tributo', 'Rock', 3, 'Banda'),
  ('Festa da Bossa Nova', 'Bossa Nova', 2, 'Banda'),
  ('Pitty', 'Rock', 1, 'Artista Solo'),
  ('Capital Inicial Cover', 'Rock', 4, 'Banda'),
  ('Zé Ramalho', 'Folk', 1, 'Artista Solo'),
  ('Titãs Tributo', 'Rock', 4, 'Banda'),
  ('Banda do Mar Cover', 'Indie', 3, 'Banda'),
  ('O Rappa Tributo', 'Rock', 5, 'Banda'),
  ('Rita Lee Cover', 'Rock', 4, 'Banda'),
  ('Barão Vermelho Cover', 'Rock', 4, 'Banda'),
  ('Caetano Veloso', 'MPB', 1, 'Artista Solo'),
  ('Chico Buarque', 'MPB', 1, 'Artista Solo'),
  ('Gilberto Gil', 'MPB', 1, 'Artista Solo'),
  ('Mutantes do Sertão', 'Forró', 3, 'Banda'),
  ('Marisa Monte', 'MPB', 1, 'Artista Solo'),
  ('Seu Jorge', 'Samba', 1, 'Artista Solo'),
  ('Jorge Ben Jor', 'Samba', 1, 'Artista Solo'),
  ('Tribalistas Tributo', 'MPB', 3, 'Banda'),
  ('Roupa Nova Cover', 'Pop', 5, 'Banda'),
  ('Dj Alok', 'Eletrônica', 1, 'Artista Solo'),
  ('Jota Quest Cover', 'Pop Rock', 5, 'Banda');
  
INSERT INTO Evento (nome, data, hora, valor_ingresso, publico_estimado)
VALUES
  ('Show de Rock', '2024-09-20', '21:00:00', 50.00, 200),
  ('Samba ao Vivo', '2024-09-27', '20:30:00', 30.00, 150),
  ('MPB Acústico', '2024-10-05', '19:00:00', 40.00, 100),
  ('Noite de Blues', '2024-10-12', '22:00:00', 45.00, 120),
  ('Festival de Jazz', '2024-10-19', '18:00:00', 70.00, 250),
  ('Karaokê e Pop Anos 80', '2024-10-26', '20:00:00', 25.00, 180),
  ('Forró e Sertanejo', '2024-11-02', '21:30:00', 35.00, 170),
  ('Tributo a Bandas de Rock Clássico', '2024-11-09', '21:00:00', 55.00, 210),
  ('Show de Pagode', '2024-11-16', '20:00:00', 30.00, 160),
  ('Sexta do Vinil e Reggae', '2024-11-23', '22:00:00', 20.00, 130),
  ('Stand-up Comedy', '2024-11-30', '20:30:00', 40.00, 90),
  ('Festa da Virada', '2024-12-31', '23:00:00', 150.00, 300),
  ('Rock Alternativo', '2025-01-10', '21:00:00', 45.00, 150),
  ('Samba de Raiz', '2025-01-17', '20:00:00', 30.00, 140),
  ('Indie Folk Night', '2025-01-24', '22:00:00', 35.00, 110),
  ('Noite do Hip Hop', '2025-01-31', '21:30:00', 40.00, 190),
  ('Aniversário do Bar', '2025-02-07', '19:00:00', 60.00, 280),
  ('Eletrônica Chill', '2025-02-14', '22:30:00', 50.00, 220),
  ('Pop Latino', '2025-02-21', '20:00:00', 25.00, 160),
  ('Rockabilly e Swing', '2025-02-28', '21:00:00', 35.00, 130),
  ('Noite de Poesia e Música', '2025-03-07', '19:30:00', 20.00, 80),
  ('Show de Bossa Nova', '2025-03-14', '20:00:00', 40.00, 90),
  ('Festa à Fantasia', '2025-03-21', '22:00:00', 50.00, 200),
  ('Tributo ao Reggae', '2025-03-28', '21:00:00', 35.00, 180),
  ('Cabaré Acústico', '2025-04-04', '20:30:00', 45.00, 110),
  ('Noite de Rock Pesado', '2025-04-11', '21:00:00', 55.00, 140),
  ('Sexta do Jazz Fusion', '2025-04-18', '22:00:00', 60.00, 100),
  ('Festival de Cerveja Artesanal', '2025-04-25', '17:00:00', 25.00, 250),
  ('Pé de Serra', '2025-05-02', '20:00:00', 30.00, 150),
  ('Música Clássica Bar', '2025-05-09', '19:00:00', 50.00, 80),
  ('Noite da Música Brasileira', '2025-05-16', '21:00:00', 40.00, 170),
  ('Roda de Samba', '2025-05-23', '19:30:00', 25.00, 130),
  ('Show de Artista Local', '2025-05-30', '20:00:00', 30.00, 100),
  ('Festa Junina', '2025-06-06', '18:00:00', 40.00, 200),
  ('Pop Punk Night', '2025-06-13', '21:00:00', 45.00, 150),
  ('Blues e Soul', '2025-06-20', '22:00:00', 50.00, 120),
  ('Karaokê e Funk', '2025-06-27', '21:30:00', 25.00, 160),
  ('Festa Anos 90', '2025-07-04', '22:00:00', 35.00, 190),
  ('Noite de Comédia Improvisada', '2025-07-11', '20:30:00', 30.00, 90),
  ('Show de Tributo a Beatles', '2025-07-18', '21:00:00', 60.00, 250);
  
INSERT INTO Funcionario (nome, cargo, telefone, id_gerente)
VALUES ('Roberto Souza', 'Gerente', '11977776666', NULL);

SET @id_gerente := (
    SELECT id_funcionario
    FROM Funcionario
    WHERE nome = 'Roberto Souza'
    ORDER BY id_funcionario DESC
    LIMIT 1
);

INSERT INTO Funcionario (nome, cargo, telefone, id_gerente)
VALUES
  ('Carlos Pereira', 'Garçom', '11999998888', @id_gerente),
  ('Fernanda Lima', 'Cozinheira', '11988887777', @id_gerente),
  ('Ana Oliveira', 'Garçom', '11966665555', @id_gerente),
  ('Pedro Santos', 'Barman', '11955554444', @id_gerente),
  ('Mariana Costa', 'Garçom', '11944443333', @id_gerente),
  ('João Silva', 'Cozinheiro', '11933332222', @id_gerente),
  ('Juliana Ribeiro', 'Garçom', '11922221111', @id_gerente),
  ('Rafael Fernandes', 'Barman', '11911110000', @id_gerente),
  ('Patrícia Almeida', 'Garçom', '11900009999', @id_gerente),
  ('Guilherme Martins', 'Cozinheiro', '11899998888', @id_gerente),
  ('Beatriz Nunes', 'Garçom', '11888887777', @id_gerente),
  ('Daniel Gomes', 'Garçom', '11877776666', @id_gerente),
  ('Leticia Barbosa', 'Cozinheira', '11866665555', @id_gerente),
  ('Fábio Rodrigues', 'Barman', '11855554444', @id_gerente),
  ('Amanda Silva', 'Garçom', '11844443333', @id_gerente),
  ('Thiago Oliveira', 'Cozinheiro', '11833332222', @id_gerente),
  ('Larissa Pereira', 'Garçom', '11822221111', @id_gerente),
  ('Lucas Fernandes', 'Barman', '11811110000', @id_gerente),
  ('Carla Souza', 'Garçom', '11800009999', @id_gerente),
  ('Gustavo Lima', 'Cozinheiro', '11799998888', @id_gerente),
  ('Camila Costa', 'Garçom', '11788887777', @id_gerente),
  ('Ricardo Santos', 'Garçom', '11777776666', @id_gerente),
  ('Vivian Mendes', 'Cozinheira', '11766665555', @id_gerente),
  ('André Almeida', 'Barman', '11755554444', @id_gerente),
  ('Isabela Ribeiro', 'Garçom', '11744443333', @id_gerente),
  ('Felipe Gonçalves', 'Cozinheiro', '11733332222', @id_gerente),
  ('Sofia Barbosa', 'Garçom', '11722221111', @id_gerente),
  ('Bruno Morais', 'Barman', '11711110000', @id_gerente),
  ('Gabriela Castro', 'Garçom', '11700009999', @id_gerente),
  ('Eduardo Martins', 'Cozinheiro', '11699998888', @id_gerente),
  ('Clara Nunes', 'Garçom', '11688887777', @id_gerente),
  ('Marcelo Gomes', 'Garçom', '11677776666', @id_gerente),
  ('Larissa Oliveira', 'Cozinheira', '11666665555', @id_gerente),
  ('Diego Rodrigues', 'Barman', '11655554444', @id_gerente),
  ('Carolina Souza', 'Garçom', '11644443333', @id_gerente),
  ('Thiago Lima', 'Cozinheiro', '11633332222', @id_gerente),
  ('Vanessa Costa', 'Garçom', '11622221111', @id_gerente),
  ('Matheus Santos', 'Barman', '11611110000', @id_gerente),
  ('Beatriz Pereira', 'Garçom', '11600009999', @id_gerente);
  
INSERT INTO Pedido (data_hora, total, status, id_cliente, id_mesa)
VALUES
  ('2025-01-10 12:30:00', 120.50, 'concluído', 1, 3),
  ('2025-01-11 18:45:00', 89.90, 'concluído', 2, 5),
  ('2025-01-12 20:15:00', 45.00, 'em andamento', 3, 2),
  ('2025-01-13 13:20:00', 150.75, 'concluído', 4, 6),
  ('2025-01-14 19:40:00', 230.00, 'cancelado', 5, 1),
  ('2025-01-15 11:10:00', 60.25, 'concluído', 6, 7),
  ('2025-01-16 17:00:00', 99.99, 'em andamento', 7, 4),
  ('2025-01-17 14:50:00', 75.60, 'concluído', 8, 8),
  ('2025-01-18 21:05:00', 180.00, 'concluído', 9, 2),
  ('2025-01-19 12:00:00', 55.30, 'em andamento', 10, 5),
  ('2025-01-20 15:15:00', 210.40, 'concluído', 11, 9),
  ('2025-01-21 19:25:00', 135.00, 'cancelado', 12, 3),
  ('2025-01-22 20:00:00', 90.70, 'concluído', 13, 6),
  ('2025-01-23 13:30:00', 45.90, 'em andamento', 14, 1),
  ('2025-01-24 11:45:00', 160.00, 'concluído', 15, 10),
  ('2025-01-25 18:10:00', 78.25, 'concluído', 16, 4),
  ('2025-01-26 20:20:00', 200.00, 'concluído', 17, 7),
  ('2025-01-27 12:50:00', 65.80, 'em andamento', 18, 2),
  ('2025-01-28 19:15:00', 250.60, 'concluído', 19, 5),
  ('2025-01-29 14:10:00', 88.90, 'cancelado', 20, 6),
  ('2025-01-30 13:40:00', 99.50, 'concluído', 21, 8),
  ('2025-01-31 21:35:00', 190.00, 'em andamento', 22, 9),
  ('2025-02-01 12:25:00', 72.40, 'concluído', 23, 3),
  ('2025-02-02 18:55:00', 180.75, 'concluído', 24, 10),
  ('2025-02-03 20:45:00', 140.00, 'em andamento', 25, 7),
  ('2025-02-04 11:20:00', 65.90, 'cancelado', 26, 4),
  ('2025-02-05 17:30:00', 210.00, 'concluído', 27, 2),
  ('2025-02-06 19:50:00', 95.25, 'em andamento', 28, 1),
  ('2025-02-07 12:35:00', 160.80, 'concluído', 29, 5),
  ('2025-02-08 18:15:00', 87.00, 'concluído', 30, 6),
  ('2025-02-09 20:30:00', 220.50, 'concluído', 31, 8),
  ('2025-02-10 14:05:00', 78.75, 'em andamento', 32, 9),
  ('2025-02-11 13:10:00', 135.60, 'concluído', 33, 10),
  ('2025-02-12 21:00:00', 245.00, 'cancelado', 34, 7),
  ('2025-02-13 11:40:00', 99.30, 'concluído', 35, 3),
  ('2025-02-14 15:25:00', 55.80, 'em andamento', 36, 1),
  ('2025-02-15 19:05:00', 185.40, 'concluído', 37, 6),
  ('2025-02-16 20:55:00', 110.00, 'concluído', 38, 2),
  ('2025-02-17 12:15:00', 70.25, 'em andamento', 39, 4),
  ('2025-02-18 18:40:00', 205.90, 'concluído', 40, 5);
  
INSERT INTO Estoque (id_produto, quantidade, data_registro)
VALUES
  (1, 50, '2025-01-01'),
  (2, 120, '2025-01-02'),
  (3, 80, '2025-01-03'),
  (4, 200, '2025-01-04'),
  (5, 95, '2025-01-05'),
  (6, 60, '2025-01-06'),
  (7, 140, '2025-01-07'),
  (8, 100, '2025-01-08'),
  (9, 75, '2025-01-09'),
  (10, 180, '2025-01-10'),
  (11, 110, '2025-01-11'),
  (12, 90, '2025-01-12'),
  (13, 160, '2025-01-13'),
  (14, 70, '2025-01-14'),
  (15, 130, '2025-01-15'),
  (16, 85, '2025-01-16'),
  (17, 150, '2025-01-17'),
  (18, 95, '2025-01-18'),
  (19, 170, '2025-01-19'),
  (20, 60, '2025-01-20'),
  (21, 190, '2025-01-21'),
  (22, 75, '2025-01-22'),
  (23, 120, '2025-01-23'),
  (24, 100, '2025-01-24'),
  (25, 135, '2025-01-25'),
  (26, 65, '2025-01-26'),
  (27, 145, '2025-01-27'),
  (28, 105, '2025-01-28'),
  (29, 80, '2025-01-29'),
  (30, 160, '2025-01-30'),
  (31, 115, '2025-01-31'),
  (32, 90, '2025-02-01'),
  (33, 175, '2025-02-02'),
  (34, 70, '2025-02-03'),
  (35, 155, '2025-02-04'),
  (36, 85, '2025-02-05'),
  (37, 140, '2025-02-06'),
  (38, 95, '2025-02-07'),
  (39, 185, '2025-02-08'),
  (40, 100, '2025-02-09');
  
INSERT INTO Participacao (funcao, id_banda, id_evento)
VALUES
  ('principal', 1, 1),
  ('convidado', 2, 2),
  ('abertura', 3, 3),
  ('encerramento', 4, 4),
  ('principal', 5, 5),
  ('convidado', 6, 6),
  ('abertura', 7, 7),
  ('encerramento', 8, 8),
  ('principal', 9, 9),
  ('convidado', 10, 10),
  ('abertura', 11, 11),
  ('encerramento', 12, 12),
  ('principal', 13, 13),
  ('convidado', 14, 14),
  ('abertura', 15, 15),
  ('encerramento', 16, 16),
  ('principal', 17, 17),
  ('convidado', 18, 18),
  ('abertura', 19, 19),
  ('encerramento', 20, 20),
  ('principal', 21, 21),
  ('convidado', 22, 22),
  ('abertura', 23, 23),
  ('encerramento', 24, 24),
  ('principal', 25, 25),
  ('convidado', 26, 26),
  ('abertura', 27, 27),
  ('encerramento', 28, 28),
  ('principal', 29, 29),
  ('convidado', 30, 30),
  ('abertura', 31, 31),
  ('encerramento', 32, 32),
  ('principal', 33, 33),
  ('convidado', 34, 34),
  ('abertura', 35, 35),
  ('encerramento', 36, 36),
  ('principal', 37, 37),
  ('convidado', 38, 38),
  ('abertura', 39, 39),
  ('encerramento', 40, 40);
  
INSERT INTO Reserva (id_cliente, id_mesa, id_evento, data_reserva)
VALUES
  (1, 1, 1, '2025-01-01'),
  (2, 2, 2, '2025-01-02'),
  (3, 3, 3, '2025-01-03'),
  (4, 4, 4, '2025-01-04'),
  (5, 5, 5, '2025-01-05'),
  (6, 6, 6, '2025-01-06'),
  (7, 7, 7, '2025-01-07'),
  (8, 8, 8, '2025-01-08'),
  (9, 9, 9, '2025-01-09'),
  (10, 10, 10, '2025-01-10'),
  (11, 11, 11, '2025-01-11'),
  (12, 12, 12, '2025-01-12'),
  (13, 13, 13, '2025-01-13'),
  (14, 14, 14, '2025-01-14'),
  (15, 15, 15, '2025-01-15'),
  (16, 16, 16, '2025-01-16'),
  (17, 17, 17, '2025-01-17'),
  (18, 18, 18, '2025-01-18'),
  (19, 19, 19, '2025-01-19'),
  (20, 20, 20, '2025-01-20'),
  (21, 21, 21, '2025-01-21'),
  (22, 22, 22, '2025-01-22'),
  (23, 23, 23, '2025-01-23'),
  (24, 24, 24, '2025-01-24'),
  (25, 25, 25, '2025-01-25'),
  (26, 26, 26, '2025-01-26'),
  (27, 27, 27, '2025-01-27'),
  (28, 28, 28, '2025-01-28'),
  (29, 29, 29, '2025-01-29'),
  (30, 30, 30, '2025-01-30'),
  (31, 31, 31, '2025-01-31'),
  (32, 32, 32, '2025-02-01'),
  (33, 33, 33, '2025-02-02'),
  (34, 34, 34, '2025-02-03'),
  (35, 35, 35, '2025-02-04'),
  (36, 36, 36, '2025-02-05'),
  (37, 37, 37, '2025-02-06'),
  (38, 38, 38, '2025-02-07'),
  (39, 39, 39, '2025-02-08'),
  (40, 40, 40, '2025-02-09');

INSERT INTO Pedido_Produto (id_pedido, id_produto, quantidade)
VALUES
  (1, 5, 2),
  (2, 12, 1),
  (3, 8, 3),
  (4, 20, 2),
  (5, 15, 4),
  (6, 7, 1),
  (7, 25, 2),
  (8, 3, 5),
  (9, 18, 2),
  (10, 10, 1),
  (11, 22, 3),
  (12, 6, 2),
  (13, 30, 4),
  (14, 11, 1),
  (15, 9, 2),
  (16, 27, 3),
  (17, 4, 2),
  (18, 16, 1),
  (19, 19, 5),
  (20, 23, 2),
  (21, 13, 3),
  (22, 28, 1),
  (23, 17, 2),
  (24, 21, 4),
  (25, 26, 2),
  (26, 14, 1),
  (27, 31, 3),
  (28, 2, 2),
  (29, 29, 5),
  (30, 32, 2),
  (31, 33, 1),
  (32, 34, 2),
  (33, 35, 4),
  (34, 36, 3),
  (35, 37, 1),
  (36, 38, 2),
  (37, 39, 3),
  (38, 40, 2),
  (39, 1, 5),
  (40, 24, 2);
